{"evalues": [0.0037058817305426783, 0.007317535092254786, 0.061875853992764906], "evectors": [[0.11253854886208388, 0.23858618330037354, -0.9645785132160976], [0.9480807707489732, -0.3163792118105445, 0.03235809744362894], [-0.29745239477275864, -0.9181398735880602, -0.2618038299407625]], "mean": [0.5091145634651184, 0.5237897634506226, 0.5847274661064148]}